{
  "project_info": {
    "project_number": "1000024314797",
    "project_id": "library-c4b13",
    "storage_bucket": "library-c4b13.appspot.com"
  },
  "client": [
    {
      "client_info": {
        "mobilesdk_app_id": "1:1000024314797:android:4c6ae2012f876adc2f4724",
        "android_client_info": {
          "package_name": "com.example.library"
        }
      },
      "oauth_client": [
        {
          "client_id": "1000024314797-ef9micpr24vuiip66370liuccmrv953a.apps.googleusercontent.com",
          "client_type": 3
        }
      ],
      "api_key": [
        {
          "current_key": "AIzaSyB7qlSVMbRckKnjhPj8MoKqBp4zO1wF8zg"
        }
      ],
      "services": {
        "appinvite_service": {
          "other_platform_oauth_client": [
            {
              "client_id": "1000024314797-ef9micpr24vuiip66370liuccmrv953a.apps.googleusercontent.com",
              "client_type": 3
            }
          ]
        }
      }
    }
  ],
  "configuration_version": "1"
}